﻿Domain Code,Domain,Area Code (M49),Area,Element Code,Element,Item Code (CPC),Item,Year Code,Year,Unit,Value,Flag,Flag Description,Note
"QCL","Crops and livestock products","050","Bangladesh","5312","Area harvested","0113","Rice","2016","2016","ha","11000809","A","Official figure",""
"QCL","Crops and livestock products","050","Bangladesh","5412","Yield","0113","Rice","2016","2016","kg/ha","4586.3","A","Official figure",""
"QCL","Crops and livestock products","050","Bangladesh","5510","Production","0113","Rice","2016","2016","t","50452866","A","Official figure",""
"QCL","Crops and livestock products","116","Cambodia","5312","Area harvested","0113","Rice","2016","2016","ha","3100000","A","Official figure",""
"QCL","Crops and livestock products","116","Cambodia","5412","Yield","0113","Rice","2016","2016","kg/ha","3210.3","A","Official figure",""
"QCL","Crops and livestock products","116","Cambodia","5510","Production","0113","Rice","2016","2016","t","9952000","A","Official figure",""
"QCL","Crops and livestock products","159","China","5312","Area harvested","0113","Rice","2016","2016","ha","31019837","E","Estimated value",""
"QCL","Crops and livestock products","159","China","5412","Yield","0113","Rice","2016","2016","kg/ha","6856.3","E","Estimated value",""
"QCL","Crops and livestock products","159","China","5510","Production","0113","Rice","2016","2016","t","212681776.05","E","Estimated value",""
"QCL","Crops and livestock products","344","China, Hong Kong SAR","5312","Area harvested","0113","Rice","2016","2016","ha","0","I","Imputed value",""
"QCL","Crops and livestock products","344","China, Hong Kong SAR","5412","Yield","0113","Rice","2016","2016","kg/ha","2095.7","E","Estimated value",""
"QCL","Crops and livestock products","344","China, Hong Kong SAR","5510","Production","0113","Rice","2016","2016","t","0.05","I","Imputed value",""
"QCL","Crops and livestock products","156","China, mainland","5312","Area harvested","0113","Rice","2016","2016","ha","30746000","A","Official figure",""
"QCL","Crops and livestock products","156","China, mainland","5412","Yield","0113","Rice","2016","2016","kg/ha","6865.7","A","Official figure",""
"QCL","Crops and livestock products","156","China, mainland","5510","Production","0113","Rice","2016","2016","t","211094000","A","Official figure",""
"QCL","Crops and livestock products","158","China, Taiwan Province of","5312","Area harvested","0113","Rice","2016","2016","ha","273837","A","Official figure",""
"QCL","Crops and livestock products","158","China, Taiwan Province of","5412","Yield","0113","Rice","2016","2016","kg/ha","5798.3","A","Official figure",""
"QCL","Crops and livestock products","158","China, Taiwan Province of","5510","Production","0113","Rice","2016","2016","t","1587776","A","Official figure",""
"QCL","Crops and livestock products","356","India","5312","Area harvested","0113","Rice","2016","2016","ha","43993400","A","Official figure",""
"QCL","Crops and livestock products","356","India","5412","Yield","0113","Rice","2016","2016","kg/ha","3740.1","A","Official figure",""
"QCL","Crops and livestock products","356","India","5510","Production","0113","Rice","2016","2016","t","164539000","A","Official figure",""
"QCL","Crops and livestock products","360","Indonesia","5312","Area harvested","0113","Rice","2016","2016","ha","10600000","E","Estimated value",""
"QCL","Crops and livestock products","360","Indonesia","5412","Yield","0113","Rice","2016","2016","kg/ha","5097.3","E","Estimated value",""
"QCL","Crops and livestock products","360","Indonesia","5510","Production","0113","Rice","2016","2016","t","54031000","A","Official figure",""
"QCL","Crops and livestock products","104","Myanmar","5312","Area harvested","0113","Rice","2016","2016","ha","6724000","A","Official figure",""
"QCL","Crops and livestock products","104","Myanmar","5412","Yield","0113","Rice","2016","2016","kg/ha","3879.4","A","Official figure",""
"QCL","Crops and livestock products","104","Myanmar","5510","Production","0113","Rice","2016","2016","t","26085100","A","Official figure",""
"QCL","Crops and livestock products","586","Pakistan","5312","Area harvested","0113","Rice","2016","2016","ha","2724013","A","Official figure",""
"QCL","Crops and livestock products","586","Pakistan","5412","Yield","0113","Rice","2016","2016","kg/ha","3771.6","A","Official figure",""
"QCL","Crops and livestock products","586","Pakistan","5510","Production","0113","Rice","2016","2016","t","10273968","A","Official figure",""
"QCL","Crops and livestock products","608","Philippines","5312","Area harvested","0113","Rice","2016","2016","ha","4556043","A","Official figure",""
"QCL","Crops and livestock products","608","Philippines","5412","Yield","0113","Rice","2016","2016","kg/ha","3869","A","Official figure",""
"QCL","Crops and livestock products","608","Philippines","5510","Production","0113","Rice","2016","2016","t","17627245","A","Official figure",""
"QCL","Crops and livestock products","764","Thailand","5312","Area harvested","0113","Rice","2016","2016","ha","10712000","A","Official figure",""
"QCL","Crops and livestock products","764","Thailand","5412","Yield","0113","Rice","2016","2016","kg/ha","2974","A","Official figure",""
"QCL","Crops and livestock products","764","Thailand","5510","Production","0113","Rice","2016","2016","t","31857000","A","Official figure",""
"QCL","Crops and livestock products","704","Viet Nam","5312","Area harvested","0113","Rice","2016","2016","ha","7734722","A","Official figure",""
"QCL","Crops and livestock products","704","Viet Nam","5412","Yield","0113","Rice","2016","2016","kg/ha","5573.8","A","Official figure",""
"QCL","Crops and livestock products","704","Viet Nam","5510","Production","0113","Rice","2016","2016","t","43112009.81","A","Official figure",""
