﻿Domain Code,Domain,Area Code (M49),Area,Element Code,Element,Item Code (CPC),Item,Year Code,Year,Unit,Value,Flag,Flag Description,Note
"QCL","Crops and livestock products","050","Bangladesh","5312","Area harvested","0113","Rice","2017","2017","ha","11615000","A","Official figure",""
"QCL","Crops and livestock products","050","Bangladesh","5412","Yield","0113","Rice","2017","2017","kg/ha","4661.9","A","Official figure",""
"QCL","Crops and livestock products","050","Bangladesh","5510","Production","0113","Rice","2017","2017","t","54148000","A","Official figure",""
"QCL","Crops and livestock products","116","Cambodia","5312","Area harvested","0113","Rice","2017","2017","ha","3190000","A","Official figure",""
"QCL","Crops and livestock products","116","Cambodia","5412","Yield","0113","Rice","2017","2017","kg/ha","3297.2","A","Official figure",""
"QCL","Crops and livestock products","116","Cambodia","5510","Production","0113","Rice","2017","2017","t","10518000","A","Official figure",""
"QCL","Crops and livestock products","159","China","5312","Area harvested","0113","Rice","2017","2017","ha","31021867","E","Estimated value",""
"QCL","Crops and livestock products","159","China","5412","Yield","0113","Rice","2017","2017","kg/ha","6912.2","E","Estimated value",""
"QCL","Crops and livestock products","159","China","5510","Production","0113","Rice","2017","2017","t","214429949.05","E","Estimated value",""
"QCL","Crops and livestock products","344","China, Hong Kong SAR","5312","Area harvested","0113","Rice","2017","2017","ha","0","I","Imputed value",""
"QCL","Crops and livestock products","344","China, Hong Kong SAR","5412","Yield","0113","Rice","2017","2017","kg/ha","2101.1","E","Estimated value",""
"QCL","Crops and livestock products","344","China, Hong Kong SAR","5510","Production","0113","Rice","2017","2017","t","0.05","I","Imputed value",""
"QCL","Crops and livestock products","156","China, mainland","5312","Area harvested","0113","Rice","2017","2017","ha","30747190","A","Official figure",""
"QCL","Crops and livestock products","156","China, mainland","5412","Yield","0113","Rice","2017","2017","kg/ha","6916.9","A","Official figure",""
"QCL","Crops and livestock products","156","China, mainland","5510","Production","0113","Rice","2017","2017","t","212675900","A","Official figure",""
"QCL","Crops and livestock products","158","China, Taiwan Province of","5312","Area harvested","0113","Rice","2017","2017","ha","274677","A","Official figure",""
"QCL","Crops and livestock products","158","China, Taiwan Province of","5412","Yield","0113","Rice","2017","2017","kg/ha","6385.9","A","Official figure",""
"QCL","Crops and livestock products","158","China, Taiwan Province of","5510","Production","0113","Rice","2017","2017","t","1754049","A","Official figure",""
"QCL","Crops and livestock products","356","India","5312","Area harvested","0113","Rice","2017","2017","ha","43774000","A","Official figure",""
"QCL","Crops and livestock products","356","India","5412","Yield","0113","Rice","2017","2017","kg/ha","3863.7","A","Official figure",""
"QCL","Crops and livestock products","356","India","5510","Production","0113","Rice","2017","2017","t","169128000","A","Official figure",""
"QCL","Crops and livestock products","360","Indonesia","5312","Area harvested","0113","Rice","2017","2017","ha","10900000","E","Estimated value",""
"QCL","Crops and livestock products","360","Indonesia","5412","Yield","0113","Rice","2017","2017","kg/ha","5069","E","Estimated value",""
"QCL","Crops and livestock products","360","Indonesia","5510","Production","0113","Rice","2017","2017","t","55252000","A","Official figure",""
"QCL","Crops and livestock products","104","Myanmar","5312","Area harvested","0113","Rice","2017","2017","ha","6745500","A","Official figure",""
"QCL","Crops and livestock products","104","Myanmar","5412","Yield","0113","Rice","2017","2017","kg/ha","3859.7","A","Official figure",""
"QCL","Crops and livestock products","104","Myanmar","5510","Production","0113","Rice","2017","2017","t","26035800","A","Official figure",""
"QCL","Crops and livestock products","586","Pakistan","5312","Area harvested","0113","Rice","2017","2017","ha","2900595","A","Official figure",""
"QCL","Crops and livestock products","586","Pakistan","5412","Yield","0113","Rice","2017","2017","kg/ha","3852.6","A","Official figure",""
"QCL","Crops and livestock products","586","Pakistan","5510","Production","0113","Rice","2017","2017","t","11174815.5","A","Official figure",""
"QCL","Crops and livestock products","608","Philippines","5312","Area harvested","0113","Rice","2017","2017","ha","4811808","A","Official figure",""
"QCL","Crops and livestock products","608","Philippines","5412","Yield","0113","Rice","2017","2017","kg/ha","4006.1","A","Official figure",""
"QCL","Crops and livestock products","608","Philippines","5510","Production","0113","Rice","2017","2017","t","19276346.63","A","Official figure",""
"QCL","Crops and livestock products","764","Thailand","5312","Area harvested","0113","Rice","2017","2017","ha","10719698","A","Official figure",""
"QCL","Crops and livestock products","764","Thailand","5412","Yield","0113","Rice","2017","2017","kg/ha","3069","A","Official figure",""
"QCL","Crops and livestock products","764","Thailand","5510","Production","0113","Rice","2017","2017","t","32898903","A","Official figure",""
"QCL","Crops and livestock products","704","Viet Nam","5312","Area harvested","0113","Rice","2017","2017","ha","7708534","A","Official figure",""
"QCL","Crops and livestock products","704","Viet Nam","5412","Yield","0113","Rice","2017","2017","kg/ha","5547.6","A","Official figure",""
"QCL","Crops and livestock products","704","Viet Nam","5510","Production","0113","Rice","2017","2017","t","42763682.38","A","Official figure",""
