﻿Domain Code,Domain,Area Code (M49),Area,Element Code,Element,Item Code (CPC),Item,Year Code,Year,Unit,Value,Flag,Flag Description,Note
"QCL","Crops and livestock products","050","Bangladesh","5312","Area harvested","0113","Rice","2018","2018","ha","11515000","A","Official figure",""
"QCL","Crops and livestock products","050","Bangladesh","5412","Yield","0113","Rice","2018","2018","kg/ha","4725.7","A","Official figure",""
"QCL","Crops and livestock products","050","Bangladesh","5510","Production","0113","Rice","2018","2018","t","54416000","A","Official figure",""
"QCL","Crops and livestock products","116","Cambodia","5312","Area harvested","0113","Rice","2018","2018","ha","3248000","A","Official figure",""
"QCL","Crops and livestock products","116","Cambodia","5412","Yield","0113","Rice","2018","2018","kg/ha","3353.4","A","Official figure",""
"QCL","Crops and livestock products","116","Cambodia","5510","Production","0113","Rice","2018","2018","t","10892000","A","Official figure",""
"QCL","Crops and livestock products","159","China","5312","Area harvested","0113","Rice","2018","2018","ha","30460956","E","Estimated value",""
"QCL","Crops and livestock products","159","China","5412","Yield","0113","Rice","2018","2018","kg/ha","7028","E","Estimated value",""
"QCL","Crops and livestock products","159","China","5510","Production","0113","Rice","2018","2018","t","214078796.05","E","Estimated value",""
"QCL","Crops and livestock products","344","China, Hong Kong SAR","5312","Area harvested","0113","Rice","2018","2018","ha","0","I","Imputed value",""
"QCL","Crops and livestock products","344","China, Hong Kong SAR","5412","Yield","0113","Rice","2018","2018","kg/ha","2109","E","Estimated value",""
"QCL","Crops and livestock products","344","China, Hong Kong SAR","5510","Production","0113","Rice","2018","2018","t","0.05","I","Imputed value",""
"QCL","Crops and livestock products","156","China, mainland","5312","Area harvested","0113","Rice","2018","2018","ha","30189450","A","Official figure",""
"QCL","Crops and livestock products","156","China, mainland","5412","Yield","0113","Rice","2018","2018","kg/ha","7026.6","A","Official figure",""
"QCL","Crops and livestock products","156","China, mainland","5510","Production","0113","Rice","2018","2018","t","212129000","A","Official figure",""
"QCL","Crops and livestock products","158","China, Taiwan Province of","5312","Area harvested","0113","Rice","2018","2018","ha","271506","A","Official figure",""
"QCL","Crops and livestock products","158","China, Taiwan Province of","5412","Yield","0113","Rice","2018","2018","kg/ha","7181.4","A","Official figure",""
"QCL","Crops and livestock products","158","China, Taiwan Province of","5510","Production","0113","Rice","2018","2018","t","1949796","A","Official figure",""
"QCL","Crops and livestock products","356","India","5312","Area harvested","0113","Rice","2018","2018","ha","44156000","A","Official figure",""
"QCL","Crops and livestock products","356","India","5412","Yield","0113","Rice","2018","2018","kg/ha","3956.7","A","Official figure",""
"QCL","Crops and livestock products","356","India","5510","Production","0113","Rice","2018","2018","t","174711000","A","Official figure",""
"QCL","Crops and livestock products","360","Indonesia","5312","Area harvested","0113","Rice","2018","2018","ha","11377934","A","Official figure",""
"QCL","Crops and livestock products","360","Indonesia","5412","Yield","0113","Rice","2018","2018","kg/ha","5203.1","A","Official figure",""
"QCL","Crops and livestock products","360","Indonesia","5510","Production","0113","Rice","2018","2018","t","59200534","A","Official figure",""
"QCL","Crops and livestock products","104","Myanmar","5312","Area harvested","0113","Rice","2018","2018","ha","7149300","A","Official figure",""
"QCL","Crops and livestock products","104","Myanmar","5412","Yield","0113","Rice","2018","2018","kg/ha","3918.7","A","Official figure",""
"QCL","Crops and livestock products","104","Myanmar","5510","Production","0113","Rice","2018","2018","t","28016100","A","Official figure",""
"QCL","Crops and livestock products","586","Pakistan","5312","Area harvested","0113","Rice","2018","2018","ha","2810030","A","Official figure",""
"QCL","Crops and livestock products","586","Pakistan","5412","Yield","0113","Rice","2018","2018","kg/ha","3842.7","A","Official figure",""
"QCL","Crops and livestock products","586","Pakistan","5510","Production","0113","Rice","2018","2018","t","10798000","A","Official figure",""
"QCL","Crops and livestock products","608","Philippines","5312","Area harvested","0113","Rice","2018","2018","ha","4800406","A","Official figure",""
"QCL","Crops and livestock products","608","Philippines","5412","Yield","0113","Rice","2018","2018","kg/ha","3971.8","A","Official figure",""
"QCL","Crops and livestock products","608","Philippines","5510","Production","0113","Rice","2018","2018","t","19066093.94","A","Official figure",""
"QCL","Crops and livestock products","764","Thailand","5312","Area harvested","0113","Rice","2018","2018","ha","10647941","A","Official figure",""
"QCL","Crops and livestock products","764","Thailand","5412","Yield","0113","Rice","2018","2018","kg/ha","3038","A","Official figure",""
"QCL","Crops and livestock products","764","Thailand","5510","Production","0113","Rice","2018","2018","t","32348114","A","Official figure",""
"QCL","Crops and livestock products","704","Viet Nam","5312","Area harvested","0113","Rice","2018","2018","ha","7570741","A","Official figure",""
"QCL","Crops and livestock products","704","Viet Nam","5412","Yield","0113","Rice","2018","2018","kg/ha","5818","A","Official figure",""
"QCL","Crops and livestock products","704","Viet Nam","5510","Production","0113","Rice","2018","2018","t","44046249.56","A","Official figure",""
