﻿Domain Code,Domain,Area Code (M49),Area,Element Code,Element,Item Code (CPC),Item,Year Code,Year,Unit,Value,Flag,Flag Description,Note
"QCL","Crops and livestock products","050","Bangladesh","5312","Area harvested","0113","Rice","2013","2013","ha","11372000","A","Official figure",""
"QCL","Crops and livestock products","050","Bangladesh","5412","Yield","0113","Rice","2013","2013","kg/ha","4531.7","A","Official figure",""
"QCL","Crops and livestock products","050","Bangladesh","5510","Production","0113","Rice","2013","2013","t","51534000","A","Official figure",""
"QCL","Crops and livestock products","116","Cambodia","5312","Area harvested","0113","Rice","2013","2013","ha","2969000","A","Official figure",""
"QCL","Crops and livestock products","116","Cambodia","5412","Yield","0113","Rice","2013","2013","kg/ha","3162.7","A","Official figure",""
"QCL","Crops and livestock products","116","Cambodia","5510","Production","0113","Rice","2013","2013","t","9390000","A","Official figure",""
"QCL","Crops and livestock products","159","China","5312","Area harvested","0113","Rice","2013","2013","ha","30979865","E","Estimated value",""
"QCL","Crops and livestock products","159","China","5412","Yield","0113","Rice","2013","2013","kg/ha","6710","E","Estimated value",""
"QCL","Crops and livestock products","159","China","5510","Production","0113","Rice","2013","2013","t","207875104.05","E","Estimated value",""
"QCL","Crops and livestock products","344","China, Hong Kong SAR","5312","Area harvested","0113","Rice","2013","2013","ha","0","I","Imputed value",""
"QCL","Crops and livestock products","344","China, Hong Kong SAR","5412","Yield","0113","Rice","2013","2013","kg/ha","2000.4","E","Estimated value",""
"QCL","Crops and livestock products","344","China, Hong Kong SAR","5510","Production","0113","Rice","2013","2013","t","0.05","I","Imputed value",""
"QCL","Crops and livestock products","156","China, mainland","5312","Area harvested","0113","Rice","2013","2013","ha","30709700","A","Official figure",""
"QCL","Crops and livestock products","156","China, mainland","5412","Yield","0113","Rice","2013","2013","kg/ha","6717.3","A","Official figure",""
"QCL","Crops and livestock products","156","China, mainland","5510","Production","0113","Rice","2013","2013","t","206285600","A","Official figure",""
"QCL","Crops and livestock products","158","China, Taiwan Province of","5312","Area harvested","0113","Rice","2013","2013","ha","270165","A","Official figure",""
"QCL","Crops and livestock products","158","China, Taiwan Province of","5412","Yield","0113","Rice","2013","2013","kg/ha","5883.5","A","Official figure",""
"QCL","Crops and livestock products","158","China, Taiwan Province of","5510","Production","0113","Rice","2013","2013","t","1589504","A","Official figure",""
"QCL","Crops and livestock products","356","India","5312","Area harvested","0113","Rice","2013","2013","ha","44135950","A","Official figure",""
"QCL","Crops and livestock products","356","India","5412","Yield","0113","Rice","2013","2013","kg/ha","3624.3","A","Official figure",""
"QCL","Crops and livestock products","356","India","5510","Production","0113","Rice","2013","2013","t","159960000","A","Official figure",""
"QCL","Crops and livestock products","360","Indonesia","5312","Area harvested","0113","Rice","2013","2013","ha","11631000","E","Estimated value",""
"QCL","Crops and livestock products","360","Indonesia","5412","Yield","0113","Rice","2013","2013","kg/ha","5166.8","E","Estimated value",""
"QCL","Crops and livestock products","360","Indonesia","5510","Production","0113","Rice","2013","2013","t","60095000","E","Estimated value",""
"QCL","Crops and livestock products","104","Myanmar","5312","Area harvested","0113","Rice","2013","2013","ha","6952900","A","Official figure",""
"QCL","Crops and livestock products","104","Myanmar","5412","Yield","0113","Rice","2013","2013","kg/ha","3853.8","A","Official figure",""
"QCL","Crops and livestock products","104","Myanmar","5510","Production","0113","Rice","2013","2013","t","26795300","A","Official figure",""
"QCL","Crops and livestock products","586","Pakistan","5312","Area harvested","0113","Rice","2013","2013","ha","2789169","A","Official figure",""
"QCL","Crops and livestock products","586","Pakistan","5412","Yield","0113","Rice","2013","2013","kg/ha","3752.8","A","Official figure",""
"QCL","Crops and livestock products","586","Pakistan","5510","Production","0113","Rice","2013","2013","t","10467150","A","Official figure",""
"QCL","Crops and livestock products","608","Philippines","5312","Area harvested","0113","Rice","2013","2013","ha","4746091","A","Official figure",""
"QCL","Crops and livestock products","608","Philippines","5412","Yield","0113","Rice","2013","2013","kg/ha","3885.2","A","Official figure",""
"QCL","Crops and livestock products","608","Philippines","5510","Production","0113","Rice","2013","2013","t","18439419.73","A","Official figure",""
"QCL","Crops and livestock products","764","Thailand","5312","Area harvested","0113","Rice","2013","2013","ha","11684315","A","Official figure",""
"QCL","Crops and livestock products","764","Thailand","5412","Yield","0113","Rice","2013","2013","kg/ha","3146.3","A","Official figure",""
"QCL","Crops and livestock products","764","Thailand","5510","Production","0113","Rice","2013","2013","t","36762277","A","Official figure",""
"QCL","Crops and livestock products","704","Viet Nam","5312","Area harvested","0113","Rice","2013","2013","ha","7902813","A","Official figure",""
"QCL","Crops and livestock products","704","Viet Nam","5412","Yield","0113","Rice","2013","2013","kg/ha","5572.6","A","Official figure",""
"QCL","Crops and livestock products","704","Viet Nam","5510","Production","0113","Rice","2013","2013","t","44039100","A","Official figure",""
