﻿Domain Code,Domain,Area Code (M49),Area,Element Code,Element,Item Code (CPC),Item,Year Code,Year,Unit,Value,Flag,Flag Description,Note
"QCL","Crops and livestock products","050","Bangladesh","5312","Area harvested","0113","Rice","2020","2020","ha","11417745","A","Official figure",""
"QCL","Crops and livestock products","050","Bangladesh","5412","Yield","0113","Rice","2020","2020","kg/ha","4808.8","A","Official figure",""
"QCL","Crops and livestock products","050","Bangladesh","5510","Production","0113","Rice","2020","2020","t","54905891","A","Official figure",""
"QCL","Crops and livestock products","116","Cambodia","5312","Area harvested","0113","Rice","2020","2020","ha","3269000","A","Official figure",""
"QCL","Crops and livestock products","116","Cambodia","5412","Yield","0113","Rice","2020","2020","kg/ha","3345.4","A","Official figure",""
"QCL","Crops and livestock products","116","Cambodia","5510","Production","0113","Rice","2020","2020","t","10936000","A","Official figure",""
"QCL","Crops and livestock products","159","China","5312","Area harvested","0113","Rice","2020","2020","ha","30341784","E","Estimated value",""
"QCL","Crops and livestock products","159","China","5412","Yield","0113","Rice","2020","2020","kg/ha","7040.2","E","Estimated value",""
"QCL","Crops and livestock products","159","China","5510","Production","0113","Rice","2020","2020","t","213610729.06","E","Estimated value",""
"QCL","Crops and livestock products","344","China, Hong Kong SAR","5312","Area harvested","0113","Rice","2020","2020","ha","0","I","Imputed value",""
"QCL","Crops and livestock products","344","China, Hong Kong SAR","5412","Yield","0113","Rice","2020","2020","kg/ha","2115.8","E","Estimated value",""
"QCL","Crops and livestock products","344","China, Hong Kong SAR","5510","Production","0113","Rice","2020","2020","t","0.06","I","Imputed value",""
"QCL","Crops and livestock products","156","China, mainland","5312","Area harvested","0113","Rice","2020","2020","ha","30080000","A","Official figure",""
"QCL","Crops and livestock products","156","China, mainland","5412","Yield","0113","Rice","2020","2020","kg/ha","7043.2","A","Official figure",""
"QCL","Crops and livestock products","156","China, mainland","5510","Production","0113","Rice","2020","2020","t","211860000","A","Official figure",""
"QCL","Crops and livestock products","158","China, Taiwan Province of","5312","Area harvested","0113","Rice","2020","2020","ha","261784","A","Official figure",""
"QCL","Crops and livestock products","158","China, Taiwan Province of","5412","Yield","0113","Rice","2020","2020","kg/ha","6687.7","A","Official figure",""
"QCL","Crops and livestock products","158","China, Taiwan Province of","5510","Production","0113","Rice","2020","2020","t","1750729","A","Official figure",""
"QCL","Crops and livestock products","356","India","5312","Area harvested","0113","Rice","2020","2020","ha","45769000","A","Official figure",""
"QCL","Crops and livestock products","356","India","5412","Yield","0113","Rice","2020","2020","kg/ha","4075.7","A","Official figure",""
"QCL","Crops and livestock products","356","India","5510","Production","0113","Rice","2020","2020","t","186543000","A","Official figure",""
"QCL","Crops and livestock products","360","Indonesia","5312","Area harvested","0113","Rice","2020","2020","ha","10657275","A","Official figure",""
"QCL","Crops and livestock products","360","Indonesia","5412","Yield","0113","Rice","2020","2020","kg/ha","5127.9","A","Official figure",""
"QCL","Crops and livestock products","360","Indonesia","5510","Production","0113","Rice","2020","2020","t","54649202.24","A","Official figure",""
"QCL","Crops and livestock products","104","Myanmar","5312","Area harvested","0113","Rice","2020","2020","ha","6830000","A","Official figure",""
"QCL","Crops and livestock products","104","Myanmar","5412","Yield","0113","Rice","2020","2020","kg/ha","3865.2","A","Official figure",""
"QCL","Crops and livestock products","104","Myanmar","5510","Production","0113","Rice","2020","2020","t","26399600","A","Official figure",""
"QCL","Crops and livestock products","586","Pakistan","5312","Area harvested","0113","Rice","2020","2020","ha","3335585","A","Official figure",""
"QCL","Crops and livestock products","586","Pakistan","5412","Yield","0113","Rice","2020","2020","kg/ha","3786.3","A","Official figure",""
"QCL","Crops and livestock products","586","Pakistan","5510","Production","0113","Rice","2020","2020","t","12629514","A","Official figure",""
"QCL","Crops and livestock products","608","Philippines","5312","Area harvested","0113","Rice","2020","2020","ha","4718896","A","Official figure",""
"QCL","Crops and livestock products","608","Philippines","5412","Yield","0113","Rice","2020","2020","kg/ha","4088.8","A","Official figure",""
"QCL","Crops and livestock products","608","Philippines","5510","Production","0113","Rice","2020","2020","t","19294855.51","A","Official figure",""
"QCL","Crops and livestock products","764","Thailand","5312","Area harvested","0113","Rice","2020","2020","ha","10944149","A","Official figure",""
"QCL","Crops and livestock products","764","Thailand","5412","Yield","0113","Rice","2020","2020","kg/ha","2899.7","A","Official figure",""
"QCL","Crops and livestock products","764","Thailand","5510","Production","0113","Rice","2020","2020","t","31734268","A","Official figure",""
"QCL","Crops and livestock products","704","Viet Nam","5312","Area harvested","0113","Rice","2020","2020","ha","7222403","A","Official figure",""
"QCL","Crops and livestock products","704","Viet Nam","5412","Yield","0113","Rice","2020","2020","kg/ha","5921.2","A","Official figure",""
"QCL","Crops and livestock products","704","Viet Nam","5510","Production","0113","Rice","2020","2020","t","42764999.76","A","Official figure",""
