﻿Domain Code,Domain,Area Code (M49),Area,Element Code,Element,Item Code (CPC),Item,Year Code,Year,Unit,Value,Flag,Flag Description,Note
"QCL","Crops and livestock products","032","Argentina","5312","Area harvested","0113","Rice","2010","2010","ha","215670","A","Official figure",""
"QCL","Crops and livestock products","032","Argentina","5412","Yield","0113","Rice","2010","2010","kg/ha","5764.6","A","Official figure",""
"QCL","Crops and livestock products","032","Argentina","5510","Production","0113","Rice","2010","2010","t","1243259","A","Official figure",""
"QCL","Crops and livestock products","068","Bolivia (Plurinational State of)","5312","Area harvested","0113","Rice","2010","2010","ha","194237","A","Official figure",""
"QCL","Crops and livestock products","068","Bolivia (Plurinational State of)","5412","Yield","0113","Rice","2010","2010","kg/ha","2275.7","A","Official figure",""
"QCL","Crops and livestock products","068","Bolivia (Plurinational State of)","5510","Production","0113","Rice","2010","2010","t","442017","A","Official figure",""
"QCL","Crops and livestock products","076","Brazil","5312","Area harvested","0113","Rice","2010","2010","ha","2722459","A","Official figure",""
"QCL","Crops and livestock products","076","Brazil","5412","Yield","0113","Rice","2010","2010","kg/ha","4127.1","A","Official figure",""
"QCL","Crops and livestock products","076","Brazil","5510","Production","0113","Rice","2010","2010","t","11235986","A","Official figure",""
"QCL","Crops and livestock products","152","Chile","5312","Area harvested","0113","Rice","2010","2010","ha","24527","A","Official figure",""
"QCL","Crops and livestock products","152","Chile","5412","Yield","0113","Rice","2010","2010","kg/ha","3859.9","A","Official figure",""
"QCL","Crops and livestock products","152","Chile","5510","Production","0113","Rice","2010","2010","t","94672.5","A","Official figure",""
"QCL","Crops and livestock products","170","Colombia","5312","Area harvested","0113","Rice","2010","2010","ha","482297","A","Official figure",""
"QCL","Crops and livestock products","170","Colombia","5412","Yield","0113","Rice","2010","2010","kg/ha","4122.3","A","Official figure",""
"QCL","Crops and livestock products","170","Colombia","5510","Production","0113","Rice","2010","2010","t","1988191","A","Official figure",""
"QCL","Crops and livestock products","218","Ecuador","5312","Area harvested","0113","Rice","2010","2010","ha","393100","A","Official figure",""
"QCL","Crops and livestock products","218","Ecuador","5412","Yield","0113","Rice","2010","2010","kg/ha","3482.8","A","Official figure",""
"QCL","Crops and livestock products","218","Ecuador","5510","Production","0113","Rice","2010","2010","t","1369100","A","Official figure",""
"QCL","Crops and livestock products","328","Guyana","5312","Area harvested","0113","Rice","2010","2010","ha","131400","A","Official figure",""
"QCL","Crops and livestock products","328","Guyana","5412","Yield","0113","Rice","2010","2010","kg/ha","4232.8","A","Official figure",""
"QCL","Crops and livestock products","328","Guyana","5510","Production","0113","Rice","2010","2010","t","556193","A","Official figure",""
"QCL","Crops and livestock products","600","Paraguay","5312","Area harvested","0113","Rice","2010","2010","ha","59476","A","Official figure",""
"QCL","Crops and livestock products","600","Paraguay","5412","Yield","0113","Rice","2010","2010","kg/ha","5299.8","A","Official figure",""
"QCL","Crops and livestock products","600","Paraguay","5510","Production","0113","Rice","2010","2010","t","315213","A","Official figure",""
"QCL","Crops and livestock products","604","Peru","5312","Area harvested","0113","Rice","2010","2010","ha","388659","A","Official figure",""
"QCL","Crops and livestock products","604","Peru","5412","Yield","0113","Rice","2010","2010","kg/ha","7285","A","Official figure",""
"QCL","Crops and livestock products","604","Peru","5510","Production","0113","Rice","2010","2010","t","2831374","A","Official figure",""
"QCL","Crops and livestock products","740","Suriname","5312","Area harvested","0113","Rice","2010","2010","ha","53553","A","Official figure",""
"QCL","Crops and livestock products","740","Suriname","5412","Yield","0113","Rice","2010","2010","kg/ha","4232.9","A","Official figure",""
"QCL","Crops and livestock products","740","Suriname","5510","Production","0113","Rice","2010","2010","t","226686","A","Official figure",""
"QCL","Crops and livestock products","858","Uruguay","5312","Area harvested","0113","Rice","2010","2010","ha","161900","A","Official figure",""
"QCL","Crops and livestock products","858","Uruguay","5412","Yield","0113","Rice","2010","2010","kg/ha","7095.4","A","Official figure",""
"QCL","Crops and livestock products","858","Uruguay","5510","Production","0113","Rice","2010","2010","t","1148738","A","Official figure",""
"QCL","Crops and livestock products","862","Venezuela (Bolivarian Republic of)","5312","Area harvested","0113","Rice","2010","2010","ha","180455","A","Official figure",""
"QCL","Crops and livestock products","862","Venezuela (Bolivarian Republic of)","5412","Yield","0113","Rice","2010","2010","kg/ha","4985.1","A","Official figure",""
"QCL","Crops and livestock products","862","Venezuela (Bolivarian Republic of)","5510","Production","0113","Rice","2010","2010","t","899584","A","Official figure",""
"QCL","Crops and livestock products","005","South America","5312","Area harvested","0113","Rice","2010","2010","ha","5007733","A","Official figure",""
"QCL","Crops and livestock products","005","South America","5412","Yield","0113","Rice","2010","2010","kg/ha","4463.3","A","Official figure",""
"QCL","Crops and livestock products","005","South America","5510","Production","0113","Rice","2010","2010","t","22351013.5","A","Official figure",""
