﻿Domain Code,Domain,Area Code (M49),Area,Element Code,Element,Item Code (CPC),Item,Year Code,Year,Unit,Value,Flag,Flag Description,Note
"QCL","Crops and livestock products","032","Argentina","5312","Area harvested","0113","Rice","2011","2011","ha","257445","A","Official figure",""
"QCL","Crops and livestock products","032","Argentina","5412","Yield","0113","Rice","2011","2011","kg/ha","6790.1","A","Official figure",""
"QCL","Crops and livestock products","032","Argentina","5510","Production","0113","Rice","2011","2011","t","1748075","A","Official figure",""
"QCL","Crops and livestock products","068","Bolivia (Plurinational State of)","5312","Area harvested","0113","Rice","2011","2011","ha","178273","A","Official figure",""
"QCL","Crops and livestock products","068","Bolivia (Plurinational State of)","5412","Yield","0113","Rice","2011","2011","kg/ha","2400.9","A","Official figure",""
"QCL","Crops and livestock products","068","Bolivia (Plurinational State of)","5510","Production","0113","Rice","2011","2011","t","428007","A","Official figure",""
"QCL","Crops and livestock products","076","Brazil","5312","Area harvested","0113","Rice","2011","2011","ha","2752891","A","Official figure",""
"QCL","Crops and livestock products","076","Brazil","5412","Yield","0113","Rice","2011","2011","kg/ha","4895.6","A","Official figure",""
"QCL","Crops and livestock products","076","Brazil","5510","Production","0113","Rice","2011","2011","t","13476994","A","Official figure",""
"QCL","Crops and livestock products","152","Chile","5312","Area harvested","0113","Rice","2011","2011","ha","25121","A","Official figure",""
"QCL","Crops and livestock products","152","Chile","5412","Yield","0113","Rice","2011","2011","kg/ha","5189.9","A","Official figure",""
"QCL","Crops and livestock products","152","Chile","5510","Production","0113","Rice","2011","2011","t","130375","A","Official figure",""
"QCL","Crops and livestock products","170","Colombia","5312","Area harvested","0113","Rice","2011","2011","ha","507709","A","Official figure",""
"QCL","Crops and livestock products","170","Colombia","5412","Yield","0113","Rice","2011","2011","kg/ha","3958.9","A","Official figure",""
"QCL","Crops and livestock products","170","Colombia","5510","Production","0113","Rice","2011","2011","t","2009945","A","Official figure",""
"QCL","Crops and livestock products","218","Ecuador","5312","Area harvested","0113","Rice","2011","2011","ha","330000","A","Official figure",""
"QCL","Crops and livestock products","218","Ecuador","5412","Yield","0113","Rice","2011","2011","kg/ha","3593.6","A","Official figure",""
"QCL","Crops and livestock products","218","Ecuador","5510","Production","0113","Rice","2011","2011","t","1185900","A","Official figure",""
"QCL","Crops and livestock products","328","Guyana","5312","Area harvested","0113","Rice","2011","2011","ha","140400","A","Official figure",""
"QCL","Crops and livestock products","328","Guyana","5412","Yield","0113","Rice","2011","2011","kg/ha","4410.2","A","Official figure",""
"QCL","Crops and livestock products","328","Guyana","5510","Production","0113","Rice","2011","2011","t","619198","A","Official figure",""
"QCL","Crops and livestock products","600","Paraguay","5312","Area harvested","0113","Rice","2011","2011","ha","78606","A","Official figure",""
"QCL","Crops and livestock products","600","Paraguay","5412","Yield","0113","Rice","2011","2011","kg/ha","5193.6","A","Official figure",""
"QCL","Crops and livestock products","600","Paraguay","5510","Production","0113","Rice","2011","2011","t","408246","A","Official figure",""
"QCL","Crops and livestock products","604","Peru","5312","Area harvested","0113","Rice","2011","2011","ha","359612","A","Official figure",""
"QCL","Crops and livestock products","604","Peru","5412","Yield","0113","Rice","2011","2011","kg/ha","7298","A","Official figure",""
"QCL","Crops and livestock products","604","Peru","5510","Production","0113","Rice","2011","2011","t","2624458","A","Official figure",""
"QCL","Crops and livestock products","740","Suriname","5312","Area harvested","0113","Rice","2011","2011","ha","56930","A","Official figure",""
"QCL","Crops and livestock products","740","Suriname","5412","Yield","0113","Rice","2011","2011","kg/ha","4133.1","A","Official figure",""
"QCL","Crops and livestock products","740","Suriname","5510","Production","0113","Rice","2011","2011","t","235298","A","Official figure",""
"QCL","Crops and livestock products","858","Uruguay","5312","Area harvested","0113","Rice","2011","2011","ha","196000","A","Official figure",""
"QCL","Crops and livestock products","858","Uruguay","5412","Yield","0113","Rice","2011","2011","kg/ha","8382.7","A","Official figure",""
"QCL","Crops and livestock products","858","Uruguay","5510","Production","0113","Rice","2011","2011","t","1643000","A","Official figure",""
"QCL","Crops and livestock products","862","Venezuela (Bolivarian Republic of)","5312","Area harvested","0113","Rice","2011","2011","ha","189541","A","Official figure",""
"QCL","Crops and livestock products","862","Venezuela (Bolivarian Republic of)","5412","Yield","0113","Rice","2011","2011","kg/ha","5372.2","A","Official figure",""
"QCL","Crops and livestock products","862","Venezuela (Bolivarian Republic of)","5510","Production","0113","Rice","2011","2011","t","1018258","A","Official figure",""
"QCL","Crops and livestock products","005","South America","5312","Area harvested","0113","Rice","2011","2011","ha","5072528","A","Official figure",""
"QCL","Crops and livestock products","005","South America","5412","Yield","0113","Rice","2011","2011","kg/ha","5032.6","A","Official figure",""
"QCL","Crops and livestock products","005","South America","5510","Production","0113","Rice","2011","2011","t","25527754","A","Official figure",""
