﻿Domain Code,Domain,Area Code (M49),Area,Element Code,Element,Item Code (CPC),Item,Year Code,Year,Unit,Value,Flag,Flag Description,Note
"QCL","Crops and livestock products","032","Argentina","5312","Area harvested","0113","Rice","2014","2014","ha","243200","A","Official figure",""
"QCL","Crops and livestock products","032","Argentina","5412","Yield","0113","Rice","2014","2014","kg/ha","6504.2","A","Official figure",""
"QCL","Crops and livestock products","032","Argentina","5510","Production","0113","Rice","2014","2014","t","1581810","A","Official figure",""
"QCL","Crops and livestock products","068","Bolivia (Plurinational State of)","5312","Area harvested","0113","Rice","2014","2014","ha","174925","A","Official figure",""
"QCL","Crops and livestock products","068","Bolivia (Plurinational State of)","5412","Yield","0113","Rice","2014","2014","kg/ha","2767.2","A","Official figure",""
"QCL","Crops and livestock products","068","Bolivia (Plurinational State of)","5510","Production","0113","Rice","2014","2014","t","484057","A","Official figure",""
"QCL","Crops and livestock products","076","Brazil","5312","Area harvested","0113","Rice","2014","2014","ha","2340878","A","Official figure",""
"QCL","Crops and livestock products","076","Brazil","5412","Yield","0113","Rice","2014","2014","kg/ha","5201.3","A","Official figure",""
"QCL","Crops and livestock products","076","Brazil","5510","Production","0113","Rice","2014","2014","t","12175602","A","Official figure",""
"QCL","Crops and livestock products","152","Chile","5312","Area harvested","0113","Rice","2014","2014","ha","22398","A","Official figure",""
"QCL","Crops and livestock products","152","Chile","5412","Yield","0113","Rice","2014","2014","kg/ha","6022.1","A","Official figure",""
"QCL","Crops and livestock products","152","Chile","5510","Production","0113","Rice","2014","2014","t","134884","A","Official figure",""
"QCL","Crops and livestock products","170","Colombia","5312","Area harvested","0113","Rice","2014","2014","ha","461300","A","Official figure",""
"QCL","Crops and livestock products","170","Colombia","5412","Yield","0113","Rice","2014","2014","kg/ha","4018","A","Official figure",""
"QCL","Crops and livestock products","170","Colombia","5510","Production","0113","Rice","2014","2014","t","1853500","A","Official figure",""
"QCL","Crops and livestock products","218","Ecuador","5312","Area harvested","0113","Rice","2014","2014","ha","354100","A","Official figure",""
"QCL","Crops and livestock products","218","Ecuador","5412","Yield","0113","Rice","2014","2014","kg/ha","3127.1","A","Official figure",""
"QCL","Crops and livestock products","218","Ecuador","5510","Production","0113","Rice","2014","2014","t","1107300","A","Official figure",""
"QCL","Crops and livestock products","328","Guyana","5312","Area harvested","0113","Rice","2014","2014","ha","185400","A","Official figure",""
"QCL","Crops and livestock products","328","Guyana","5412","Yield","0113","Rice","2014","2014","kg/ha","5271.3","A","Official figure",""
"QCL","Crops and livestock products","328","Guyana","5510","Production","0113","Rice","2014","2014","t","977300","A","Official figure",""
"QCL","Crops and livestock products","600","Paraguay","5312","Area harvested","0113","Rice","2014","2014","ha","120000","A","Official figure",""
"QCL","Crops and livestock products","600","Paraguay","5412","Yield","0113","Rice","2014","2014","kg/ha","6700","A","Official figure",""
"QCL","Crops and livestock products","600","Paraguay","5510","Production","0113","Rice","2014","2014","t","804000","A","Official figure",""
"QCL","Crops and livestock products","604","Peru","5312","Area harvested","0113","Rice","2014","2014","ha","381368","A","Official figure",""
"QCL","Crops and livestock products","604","Peru","5412","Yield","0113","Rice","2014","2014","kg/ha","7595.3","A","Official figure",""
"QCL","Crops and livestock products","604","Peru","5510","Production","0113","Rice","2014","2014","t","2896613","A","Official figure",""
"QCL","Crops and livestock products","740","Suriname","5312","Area harvested","0113","Rice","2014","2014","ha","62211","A","Official figure",""
"QCL","Crops and livestock products","740","Suriname","5412","Yield","0113","Rice","2014","2014","kg/ha","4434.1","A","Official figure",""
"QCL","Crops and livestock products","740","Suriname","5510","Production","0113","Rice","2014","2014","t","275851","A","Official figure",""
"QCL","Crops and livestock products","858","Uruguay","5312","Area harvested","0113","Rice","2014","2014","ha","167400","A","Official figure",""
"QCL","Crops and livestock products","858","Uruguay","5412","Yield","0113","Rice","2014","2014","kg/ha","8054.4","A","Official figure",""
"QCL","Crops and livestock products","858","Uruguay","5510","Production","0113","Rice","2014","2014","t","1348300","A","Official figure",""
"QCL","Crops and livestock products","862","Venezuela (Bolivarian Republic of)","5312","Area harvested","0113","Rice","2014","2014","ha","226597","A","Official figure",""
"QCL","Crops and livestock products","862","Venezuela (Bolivarian Republic of)","5412","Yield","0113","Rice","2014","2014","kg/ha","5110.6","A","Official figure",""
"QCL","Crops and livestock products","862","Venezuela (Bolivarian Republic of)","5510","Production","0113","Rice","2014","2014","t","1158056","A","Official figure",""
"QCL","Crops and livestock products","005","South America","5312","Area harvested","0113","Rice","2014","2014","ha","4739777","A","Official figure",""
"QCL","Crops and livestock products","005","South America","5412","Yield","0113","Rice","2014","2014","kg/ha","5231.7","A","Official figure",""
"QCL","Crops and livestock products","005","South America","5510","Production","0113","Rice","2014","2014","t","24797273","A","Official figure",""
