﻿Domain Code,Domain,Area Code (M49),Area,Element Code,Element,Item Code (CPC),Item,Year Code,Year,Unit,Value,Flag,Flag Description,Note
"QCL","Crops and livestock products","032","Argentina","5312","Area harvested","0113","Rice","2019","2019","ha","183285","A","Official figure",""
"QCL","Crops and livestock products","032","Argentina","5412","Yield","0113","Rice","2019","2019","kg/ha","6491.9","A","Official figure",""
"QCL","Crops and livestock products","032","Argentina","5510","Production","0113","Rice","2019","2019","t","1189866","A","Official figure",""
"QCL","Crops and livestock products","068","Bolivia (Plurinational State of)","5312","Area harvested","0113","Rice","2019","2019","ha","187281","A","Official figure",""
"QCL","Crops and livestock products","068","Bolivia (Plurinational State of)","5412","Yield","0113","Rice","2019","2019","kg/ha","3204","A","Official figure",""
"QCL","Crops and livestock products","068","Bolivia (Plurinational State of)","5510","Production","0113","Rice","2019","2019","t","600044","A","Official figure",""
"QCL","Crops and livestock products","076","Brazil","5312","Area harvested","0113","Rice","2019","2019","ha","1710063","A","Official figure",""
"QCL","Crops and livestock products","076","Brazil","5412","Yield","0113","Rice","2019","2019","kg/ha","6063.3","A","Official figure",""
"QCL","Crops and livestock products","076","Brazil","5510","Production","0113","Rice","2019","2019","t","10368639","A","Official figure",""
"QCL","Crops and livestock products","152","Chile","5312","Area harvested","0113","Rice","2019","2019","ha","26242","A","Official figure",""
"QCL","Crops and livestock products","152","Chile","5412","Yield","0113","Rice","2019","2019","kg/ha","6664.8","A","Official figure",""
"QCL","Crops and livestock products","152","Chile","5510","Production","0113","Rice","2019","2019","t","174897.2","A","Official figure",""
"QCL","Crops and livestock products","170","Colombia","5312","Area harvested","0113","Rice","2019","2019","ha","591000","A","Official figure",""
"QCL","Crops and livestock products","170","Colombia","5412","Yield","0113","Rice","2019","2019","kg/ha","4465.7","A","Official figure",""
"QCL","Crops and livestock products","170","Colombia","5510","Production","0113","Rice","2019","2019","t","2639200","A","Official figure",""
"QCL","Crops and livestock products","218","Ecuador","5312","Area harvested","0113","Rice","2019","2019","ha","257300","A","Official figure",""
"QCL","Crops and livestock products","218","Ecuador","5412","Yield","0113","Rice","2019","2019","kg/ha","3429.5","A","Official figure",""
"QCL","Crops and livestock products","218","Ecuador","5510","Production","0113","Rice","2019","2019","t","882400","A","Official figure",""
"QCL","Crops and livestock products","328","Guyana","5312","Area harvested","0113","Rice","2019","2019","ha","177800","E","Estimated value",""
"QCL","Crops and livestock products","328","Guyana","5412","Yield","0113","Rice","2019","2019","kg/ha","5904.9","E","Estimated value",""
"QCL","Crops and livestock products","328","Guyana","5510","Production","0113","Rice","2019","2019","t","1049900","A","Official figure",""
"QCL","Crops and livestock products","600","Paraguay","5312","Area harvested","0113","Rice","2019","2019","ha","162000","A","Official figure",""
"QCL","Crops and livestock products","600","Paraguay","5412","Yield","0113","Rice","2019","2019","kg/ha","6600","A","Official figure",""
"QCL","Crops and livestock products","600","Paraguay","5510","Production","0113","Rice","2019","2019","t","1069200","A","Official figure",""
"QCL","Crops and livestock products","604","Peru","5312","Area harvested","0113","Rice","2019","2019","ha","414401","A","Official figure",""
"QCL","Crops and livestock products","604","Peru","5412","Yield","0113","Rice","2019","2019","kg/ha","7700.2","A","Official figure",""
"QCL","Crops and livestock products","604","Peru","5510","Production","0113","Rice","2019","2019","t","3190969.47","A","Official figure",""
"QCL","Crops and livestock products","740","Suriname","5312","Area harvested","0113","Rice","2019","2019","ha","60185","A","Official figure",""
"QCL","Crops and livestock products","740","Suriname","5412","Yield","0113","Rice","2019","2019","kg/ha","4557","A","Official figure",""
"QCL","Crops and livestock products","740","Suriname","5510","Production","0113","Rice","2019","2019","t","274266","A","Official figure",""
"QCL","Crops and livestock products","858","Uruguay","5312","Area harvested","0113","Rice","2019","2019","ha","145000","A","Official figure",""
"QCL","Crops and livestock products","858","Uruguay","5412","Yield","0113","Rice","2019","2019","kg/ha","8275.9","A","Official figure",""
"QCL","Crops and livestock products","858","Uruguay","5510","Production","0113","Rice","2019","2019","t","1200000","A","Official figure",""
"QCL","Crops and livestock products","862","Venezuela (Bolivarian Republic of)","5312","Area harvested","0113","Rice","2019","2019","ha","150251","A","Official figure",""
"QCL","Crops and livestock products","862","Venezuela (Bolivarian Republic of)","5412","Yield","0113","Rice","2019","2019","kg/ha","3439.3","A","Official figure",""
"QCL","Crops and livestock products","862","Venezuela (Bolivarian Republic of)","5510","Production","0113","Rice","2019","2019","t","516752","A","Official figure",""
"QCL","Crops and livestock products","005","South America","5312","Area harvested","0113","Rice","2019","2019","ha","4064808","A","Official figure",""
"QCL","Crops and livestock products","005","South America","5412","Yield","0113","Rice","2019","2019","kg/ha","5696.7","A","Official figure",""
"QCL","Crops and livestock products","005","South America","5510","Production","0113","Rice","2019","2019","t","23156133.67","A","Official figure",""
